segment,customer_count,avg_spend,avg_orders_per_customer,avg_review_score
High Value,9613,631.8486289399772,1.115364610423385,3.9689166948101855
Mid-High,19223,195.32482182801851,1.0624252197887947,4.039702240279607
Mid-Low,29350,101.24249642248722,1.0249744463373083,4.1103586783231405
Low Value,37910,38.86949248219467,1.0079926140859932,4.116915495576866
